id,family,purpose,priority,native_width,native_height,grid,pivot,views,frames,alpha,palette_role,anchor_asset,dependencies,status
lumi,character,continuous garden bird,1,420,470,none,"210 420",front,4,true,blue-anchor,lumi,none,prototype-approved
mina,character,haunch-led meadow rabbit,1,420,470,none,"210 420",front,4,true,berry-variant,mina,shared-rig,prototype-approved
rafi,character,barrel-bodied cedar bear,1,420,470,none,"210 420",front,4,true,warm-variant,rafi,shared-rig,prototype-approved
pet-colorways,system,five derived body hue families,1,420,470,none,"rig palette",front,5,true,player-selected,none,"lumi mina rafi",qa-passed
cap,accessory,species-fitted cap,1,420,470,none,"210 95",front,1,true,production-red,none,headwear-slot,qa-passed
taqiyah,accessory,species-fitted taqiyah,1,420,470,none,"210 95",front,1,true,production-cream,none,headwear-slot,qa-passed
crown,accessory,species-fitted crown,1,420,470,none,"210 95",front,1,true,production-yellow,none,headwear-slot,qa-passed
sprout,accessory,species-fitted sprout,1,420,470,none,"210 95",front,1,true,production-green,none,headwear-slot,qa-passed
bow,accessory,ear-side bow,1,420,470,none,"species side",front,1,true,production-pink,none,head-side-slot,qa-passed
flower,accessory,ear-side flower,1,420,470,none,"species side",front,1,true,production-pink,none,head-side-slot,qa-passed
glasses,accessory,shared registered eyewear,1,420,470,none,"210 180",front,1,true,espresso,none,eye-line,qa-passed
scarf,accessory,four-plane fitted neck wrap,1,420,470,none,"species neck",front,1,true,production-green,none,neck-envelope,qa-passed
cape,accessory,two-plane back cape,1,420,470,none,"210 340",front,1,true,production-red,none,back-slot,qa-passed
medal,accessory,chest medal,1,420,470,none,"210 340",front,1,true,production-yellow,none,chest-slot,qa-passed
moonpin,accessory,body moon pin,1,420,470,none,"170 370",front,1,true,production-cream,none,body-pin-slot,qa-passed
balloon,accessory,right-hand balloon,1,420,470,none,"330 330",front,1,true,production-blue,none,hand-right-slot,qa-passed
kite,accessory,right-hand kite,1,420,470,none,"330 330",front,1,true,production-blue,none,hand-right-slot,qa-passed
wand,accessory,left-hand wand,1,420,470,none,"90 300",front,1,true,production-gold,none,hand-left-slot,qa-passed
live-boat-landmark,live-garden,Boat chapter landmark and earned flowers,1,260,200,none,130 180,front,1,true,existing-garden-palette,live-pet,existing-progress,implemented-local
live-boat-riverbank,live-garden,Quiet Boat chapter background,1,1280,720,none,640 720,front,1,true,existing-garden-palette,live-boat-landmark,none,implemented-local

live-lumi,live-pet,bird selectable pet,1,420,470,none,210 423,front,1,true,prototype-pet-palette,lumi,live-wardrobe,implemented-local
live-mina,live-pet,rabbit selectable pet,1,420,470,none,210 423,front,1,true,prototype-pet-palette,mina,live-wardrobe,implemented-local
live-rafi,live-pet,bear selectable pet,1,420,470,none,210 423,front,1,true,prototype-pet-palette,rafi,live-wardrobe,implemented-local
map-star-plaque,progress,readable earned and empty stars,1,78,29,none,"0 43",front,1,true,warm-paper,live-map-stop,LettersArt.js,local-verified
shared-live-surfaces,interface,consistent controls and play framing,1,0,0,responsive,center,front,1,true,warm-paper,live-letter-garden,letters-art-pass.css,local-verified
garden-flower-bed,environment,meadow and completion planting bed,1,100,80,none,"50 71",front,1,true,meadow-pastels,live-boat-landmark,LettersGardenArt.js,calibration-awaiting-review
garden-pond-detail,environment,edge water ripples behind Pop targets,1,600,420,responsive,center,front,1,true,aqua-pond,live-boat-riverbank,LettersGardenArt.js,calibration-awaiting-review
activity-pencil-pot,workbench,grounded pencils outside letter tray,1,120,140,none,60 130,front,1,true,warm-paper,live-boat-landmark,LettersActivityArt.js,local-reviewed
activity-paper-roll,workbench,tied paper outside letter tray,1,120,140,none,60 124,front,1,true,warm-paper,activity-pencil-pot,LettersActivityArt.js,local-reviewed
pond-lily,environment,quiet near and far water-edge planting,1,92,72,none,46 50,three-quarter,1,true,foliage,live-boat-riverbank,LettersGardenArt.js,local-reviewed
teaching-alcove,lesson,shared ground for bud and letter presenter,1,600,430,none,300 357,front,1,true,warm-paper,pet-room,LettersRoomArt.js,local-reviewed
pet-room-frame,layout,single coordinate frame for pet and furniture,1,600,430,none,300 365,front,1,true,warm-paper,live-mina,letters-rooms.css,local-reviewed
activity-presenter,layout,optical prompt and proportional pet with progress row,1,0,0,responsive,center,front,1,true,warm-paper,live-letter-garden,letters-composition.css,local-reviewed
potting-plane,practice-scenery,quiet timber work surface,1,720,540,none,"360 505",front,1,true,paper-ink,existing-workbench,DotGarden,reviewed-local
potting-seedling,practice-prop,respond to taught-dot exploration,1,120,140,none,"61 132",front,1,true,foliage-warm,existing-workbench,DotGarden,reviewed-local
potting-scoop,practice-prop,frame the letter-repair table,1,120,140,none,"61 132",front,1,true,paper-foliage,existing-workbench,DotGarden,reviewed-local
path-sketchpad,practice-carrier,hold and revisit the child's actual ink,1,0,0,responsive,center,front,1,true,paper-foliage,activity-paper-roll,GardenPaths,reviewed-local
path-pencil-controls,practice-tools,choose a future stroke colour,5,48,54,none,center,front,1,true,paper-ink,drawing-palette,GardenPaths,reviewed-local
joinery-table,activity-scenery,ground the joining games with a timber apron and legs,1,720,540,none,"360 526",front,1,true,paper-ink,potting-plane,Build+Blend+Fuse+Chain,reviewed-local
joinery-assembly-mat,activity-carrier,hold ordered pieces before joining,1,0,0,responsive,center,front,1,true,foliage-paper,potting-plane,Build,reviewed-local
joining-play-mat,activity-carrier,recessed destination for letter joins,1,0,0,responsive,center,front,1,true,foliage-paper,joinery-table,Blend+Fuse+Chain,reviewed-local
joining-result-tools,activity-controls,replay and separate a creation before continuing,1,64,40,none,center,front,2,true,paper-ink,joinery-assembly-mat,Blend+Fuse+Chain,reviewed-local
joining-vowel-tray,activity-controls,swap authored vowels without scoring an answer,1,0,0,responsive,center,front,1,true,paper-gold,joinery-assembly-mat,Blend,reviewed-local
