id,family,element,source,variants_to_review,proposed_work,priority,status
sticker.sun,sticker,sun,LettersArt.js:STICKER_ART,owned / missing / newly awarded / small cell,"Redraw this motif individually with a clear silhouette, one light/shadow family and recognizable details at 48–88px; retain its ID and ownership.",P1,inventoried; not implemented
sticker.moon,sticker,moon,LettersArt.js:STICKER_ART,owned / missing / newly awarded / small cell,"Redraw this motif individually with a clear silhouette, one light/shadow family and recognizable details at 48–88px; retain its ID and ownership.",P1,inventoried; not implemented
sticker.star,sticker,star,LettersArt.js:STICKER_ART,owned / missing / newly awarded / small cell,"Redraw this motif individually with a clear silhouette, one light/shadow family and recognizable details at 48–88px; retain its ID and ownership.",P1,inventoried; not implemented
sticker.rainbow,sticker,rainbow,LettersArt.js:STICKER_ART,owned / missing / newly awarded / small cell,"Redraw this motif individually with a clear silhouette, one light/shadow family and recognizable details at 48–88px; retain its ID and ownership.",P1,inventoried; not implemented
sticker.palm,sticker,palm,LettersArt.js:STICKER_ART,owned / missing / newly awarded / small cell,"Redraw this motif individually with a clear silhouette, one light/shadow family and recognizable details at 48–88px; retain its ID and ownership.",P1,inventoried; not implemented
sticker.flower,sticker,flower,LettersArt.js:STICKER_ART,owned / missing / newly awarded / small cell,"Redraw this motif individually with a clear silhouette, one light/shadow family and recognizable details at 48–88px; retain its ID and ownership.",P1,inventoried; not implemented
sticker.butterfly,sticker,butterfly,LettersArt.js:STICKER_ART,owned / missing / newly awarded / small cell,"Redraw this motif individually with a clear silhouette, one light/shadow family and recognizable details at 48–88px; retain its ID and ownership.",P1,inventoried; not implemented
sticker.bee,sticker,bee,LettersArt.js:STICKER_ART,owned / missing / newly awarded / small cell,"Redraw this motif individually with a clear silhouette, one light/shadow family and recognizable details at 48–88px; retain its ID and ownership.",P1,inventoried; not implemented
sticker.dove,sticker,dove,LettersArt.js:STICKER_ART,owned / missing / newly awarded / small cell,"Redraw this motif individually with a clear silhouette, one light/shadow family and recognizable details at 48–88px; retain its ID and ownership.",P1,inventoried; not implemented
sticker.fish,sticker,fish,LettersArt.js:STICKER_ART,owned / missing / newly awarded / small cell,"Redraw this motif individually with a clear silhouette, one light/shadow family and recognizable details at 48–88px; retain its ID and ownership.",P1,inventoried; not implemented
sticker.boat,sticker,boat,LettersArt.js:STICKER_ART,owned / missing / newly awarded / small cell,"Redraw this motif individually with a clear silhouette, one light/shadow family and recognizable details at 48–88px; retain its ID and ownership.",P1,inventoried; not implemented
sticker.lantern,sticker,lantern,LettersArt.js:STICKER_ART,owned / missing / newly awarded / small cell,"Redraw this motif individually with a clear silhouette, one light/shadow family and recognizable details at 48–88px; retain its ID and ownership.",P1,inventoried; not implemented
sticker.key,sticker,key,LettersArt.js:STICKER_ART,owned / missing / newly awarded / small cell,"Redraw this motif individually with a clear silhouette, one light/shadow family and recognizable details at 48–88px; retain its ID and ownership.",P1,inventoried; not implemented
sticker.egg,sticker,egg,LettersArt.js:STICKER_ART,owned / missing / newly awarded / small cell,"Redraw this motif individually with a clear silhouette, one light/shadow family and recognizable details at 48–88px; retain its ID and ownership.",P1,inventoried; not implemented
sticker.cat,sticker,cat,LettersArt.js:STICKER_ART,owned / missing / newly awarded / small cell,"Redraw this motif individually with a clear silhouette, one light/shadow family and recognizable details at 48–88px; retain its ID and ownership.",P1,inventoried; not implemented
sticker.cloud,sticker,cloud,LettersArt.js:STICKER_ART,owned / missing / newly awarded / small cell,"Redraw this motif individually with a clear silhouette, one light/shadow family and recognizable details at 48–88px; retain its ID and ownership.",P1,inventoried; not implemented
sticker.camel,sticker,camel,LettersArt.js:STICKER_ART,owned / missing / newly awarded / small cell,"Redraw this motif individually with a clear silhouette, one light/shadow family and recognizable details at 48–88px; retain its ID and ownership.",P1,inventoried; not implemented
sticker.elephant,sticker,elephant,LettersArt.js:STICKER_ART,owned / missing / newly awarded / small cell,"Redraw this motif individually with a clear silhouette, one light/shadow family and recognizable details at 48–88px; retain its ID and ownership.",P1,inventoried; not implemented
sticker.ant,sticker,ant,LettersArt.js:STICKER_ART,owned / missing / newly awarded / small cell,"Redraw this motif individually with a clear silhouette, one light/shadow family and recognizable details at 48–88px; retain its ID and ownership.",P1,inventoried; not implemented
sticker.spider,sticker,spider,LettersArt.js:STICKER_ART,owned / missing / newly awarded / small cell,"Redraw this motif individually with a clear silhouette, one light/shadow family and recognizable details at 48–88px; retain its ID and ownership.",P1,inventoried; not implemented
sticker.crow,sticker,crow,LettersArt.js:STICKER_ART,owned / missing / newly awarded / small cell,"Redraw this motif individually with a clear silhouette, one light/shadow family and recognizable details at 48–88px; retain its ID and ownership.",P1,inventoried; not implemented
sticker.hoopoe,sticker,hoopoe,LettersArt.js:STICKER_ART,owned / missing / newly awarded / small cell,"Redraw this motif individually with a clear silhouette, one light/shadow family and recognizable details at 48–88px; retain its ID and ownership.",P1,inventoried; not implemented
sticker.whale,sticker,whale,LettersArt.js:STICKER_ART,owned / missing / newly awarded / small cell,"Redraw this motif individually with a clear silhouette, one light/shadow family and recognizable details at 48–88px; retain its ID and ownership.",P1,inventoried; not implemented
sticker.fig,sticker,fig,LettersArt.js:STICKER_ART,owned / missing / newly awarded / small cell,"Redraw this motif individually with a clear silhouette, one light/shadow family and recognizable details at 48–88px; retain its ID and ownership.",P1,inventoried; not implemented
sticker.olive,sticker,olive,LettersArt.js:STICKER_ART,owned / missing / newly awarded / small cell,"Redraw this motif individually with a clear silhouette, one light/shadow family and recognizable details at 48–88px; retain its ID and ownership.",P1,inventoried; not implemented
sticker.dates,sticker,dates,LettersArt.js:STICKER_ART,owned / missing / newly awarded / small cell,"Redraw this motif individually with a clear silhouette, one light/shadow family and recognizable details at 48–88px; retain its ID and ownership.",P1,inventoried; not implemented
sticker.pomegranate,sticker,pomegranate,LettersArt.js:STICKER_ART,owned / missing / newly awarded / small cell,"Redraw this motif individually with a clear silhouette, one light/shadow family and recognizable details at 48–88px; retain its ID and ownership.",P1,inventoried; not implemented
sticker.grapes,sticker,grapes,LettersArt.js:STICKER_ART,owned / missing / newly awarded / small cell,"Redraw this motif individually with a clear silhouette, one light/shadow family and recognizable details at 48–88px; retain its ID and ownership.",P1,inventoried; not implemented
sticker.honeycomb,sticker,honeycomb,LettersArt.js:STICKER_ART,owned / missing / newly awarded / small cell,"Redraw this motif individually with a clear silhouette, one light/shadow family and recognizable details at 48–88px; retain its ID and ownership.",P1,inventoried; not implemented
sticker.waterdrop,sticker,waterdrop,LettersArt.js:STICKER_ART,owned / missing / newly awarded / small cell,"Redraw this motif individually with a clear silhouette, one light/shadow family and recognizable details at 48–88px; retain its ID and ownership.",P1,inventoried; not implemented
sticker.mountain,sticker,mountain,LettersArt.js:STICKER_ART,owned / missing / newly awarded / small cell,"Redraw this motif individually with a clear silhouette, one light/shadow family and recognizable details at 48–88px; retain its ID and ownership.",P1,inventoried; not implemented
sticker.nest,sticker,nest,LettersArt.js:STICKER_ART,owned / missing / newly awarded / small cell,"Redraw this motif individually with a clear silhouette, one light/shadow family and recognizable details at 48–88px; retain its ID and ownership.",P1,inventoried; not implemented
sticker.feather,sticker,feather,LettersArt.js:STICKER_ART,owned / missing / newly awarded / small cell,"Redraw this motif individually with a clear silhouette, one light/shadow family and recognizable details at 48–88px; retain its ID and ownership.",P1,inventoried; not implemented
sticker.shell,sticker,shell,LettersArt.js:STICKER_ART,owned / missing / newly awarded / small cell,"Redraw this motif individually with a clear silhouette, one light/shadow family and recognizable details at 48–88px; retain its ID and ownership.",P1,inventoried; not implemented
sticker.turtle,sticker,turtle,LettersArt.js:STICKER_ART,owned / missing / newly awarded / small cell,"Redraw this motif individually with a clear silhouette, one light/shadow family and recognizable details at 48–88px; retain its ID and ownership.",P1,inventoried; not implemented
sticker.snake,sticker,snake,LettersArt.js:STICKER_ART,owned / missing / newly awarded / small cell,"Redraw this motif individually with a clear silhouette, one light/shadow family and recognizable details at 48–88px; retain its ID and ownership.",P1,inventoried; not implemented
accessory.cap,accessory,cap,LettersArt.js:ACCESSORY_ART + LettersAnimalArt.js,"owned / locked / equipped; all bodies, colors, poses",Refine shape/material; fit on all eight bodies and review eye/ear/paw collision zones. Preserve purchase and equipped state.,P1,inventoried; not implemented
accessory.crown,accessory,crown,LettersArt.js:ACCESSORY_ART + LettersAnimalArt.js,"owned / locked / equipped; all bodies, colors, poses",Refine shape/material; fit on all eight bodies and review eye/ear/paw collision zones. Preserve purchase and equipped state.,P1,inventoried; not implemented
accessory.bow,accessory,bow,LettersArt.js:ACCESSORY_ART + LettersAnimalArt.js,"owned / locked / equipped; all bodies, colors, poses",Refine shape/material; fit on all eight bodies and review eye/ear/paw collision zones. Preserve purchase and equipped state.,P1,inventoried; not implemented
accessory.glasses,accessory,glasses,LettersArt.js:ACCESSORY_ART + LettersAnimalArt.js,"owned / locked / equipped; all bodies, colors, poses",Refine shape/material; fit on all eight bodies and review eye/ear/paw collision zones. Preserve purchase and equipped state.,P1,inventoried; not implemented
accessory.scarf,accessory,scarf,LettersArt.js:ACCESSORY_ART + LettersAnimalArt.js,"owned / locked / equipped; all bodies, colors, poses",Refine shape/material; fit on all eight bodies and review eye/ear/paw collision zones. Preserve purchase and equipped state.,P1,inventoried; not implemented
accessory.flower,accessory,flower,LettersArt.js:ACCESSORY_ART + LettersAnimalArt.js,"owned / locked / equipped; all bodies, colors, poses",Refine shape/material; fit on all eight bodies and review eye/ear/paw collision zones. Preserve purchase and equipped state.,P1,inventoried; not implemented
accessory.balloon,accessory,balloon,LettersArt.js:ACCESSORY_ART + LettersAnimalArt.js,"owned / locked / equipped; all bodies, colors, poses",Refine shape/material; fit on all eight bodies and review eye/ear/paw collision zones. Preserve purchase and equipped state.,P1,inventoried; not implemented
accessory.wand,accessory,wand,LettersArt.js:ACCESSORY_ART + LettersAnimalArt.js,"owned / locked / equipped; all bodies, colors, poses",Refine shape/material; fit on all eight bodies and review eye/ear/paw collision zones. Preserve purchase and equipped state.,P1,inventoried; not implemented
accessory.taqiyah,accessory,taqiyah,LettersArt.js:ACCESSORY_ART + LettersAnimalArt.js,"owned / locked / equipped; all bodies, colors, poses",Refine shape/material; fit on all eight bodies and review eye/ear/paw collision zones. Preserve purchase and equipped state.,P1,inventoried; not implemented
accessory.cape,accessory,cape,LettersArt.js:ACCESSORY_ART + LettersAnimalArt.js,"owned / locked / equipped; all bodies, colors, poses",Refine shape/material; fit on all eight bodies and review eye/ear/paw collision zones. Preserve purchase and equipped state.,P1,inventoried; not implemented
accessory.medal,accessory,medal,LettersArt.js:ACCESSORY_ART + LettersAnimalArt.js,"owned / locked / equipped; all bodies, colors, poses",Refine shape/material; fit on all eight bodies and review eye/ear/paw collision zones. Preserve purchase and equipped state.,P1,inventoried; not implemented
accessory.kite,accessory,kite,LettersArt.js:ACCESSORY_ART + LettersAnimalArt.js,"owned / locked / equipped; all bodies, colors, poses",Refine shape/material; fit on all eight bodies and review eye/ear/paw collision zones. Preserve purchase and equipped state.,P1,inventoried; not implemented
accessory.sprout,accessory,sprout,LettersArt.js:ACCESSORY_ART + LettersAnimalArt.js,"owned / locked / equipped; all bodies, colors, poses",Refine shape/material; fit on all eight bodies and review eye/ear/paw collision zones. Preserve purchase and equipped state.,P1,inventoried; not implemented
accessory.moonpin,accessory,moonpin,LettersArt.js:ACCESSORY_ART + LettersAnimalArt.js,"owned / locked / equipped; all bodies, colors, poses",Refine shape/material; fit on all eight bodies and review eye/ear/paw collision zones. Preserve purchase and equipped state.,P1,inventoried; not implemented
pet.blob,pet,blob,LettersArt.js:pet/SPECIES + LettersAnimalArt.js,"all supported stages, hues, expressions, accessories","Preserve species identity; individually refine silhouette, face readability, limb contact and shading. Keep approved animal proportions; do not replace earned pets.",P1,inventoried; not implemented
pet.lumi,pet,lumi,LettersArt.js:pet/SPECIES + LettersAnimalArt.js,"all supported stages, hues, expressions, accessories","Preserve species identity; individually refine silhouette, face readability, limb contact and shading. Keep approved animal proportions; do not replace earned pets.",P1,inventoried; not implemented
pet.mina,pet,mina,LettersArt.js:pet/SPECIES + LettersAnimalArt.js,"all supported stages, hues, expressions, accessories","Preserve species identity; individually refine silhouette, face readability, limb contact and shading. Keep approved animal proportions; do not replace earned pets.",P1,inventoried; not implemented
pet.rafi,pet,rafi,LettersArt.js:pet/SPECIES + LettersAnimalArt.js,"all supported stages, hues, expressions, accessories","Preserve species identity; individually refine silhouette, face readability, limb contact and shading. Keep approved animal proportions; do not replace earned pets.",P1,inventoried; not implemented
pet.bunny,pet,bunny,LettersArt.js:pet/SPECIES + LettersAnimalArt.js,"all supported stages, hues, expressions, accessories","Preserve species identity; individually refine silhouette, face readability, limb contact and shading. Keep approved animal proportions; do not replace earned pets.",P1,inventoried; not implemented
pet.chick,pet,chick,LettersArt.js:pet/SPECIES + LettersAnimalArt.js,"all supported stages, hues, expressions, accessories","Preserve species identity; individually refine silhouette, face readability, limb contact and shading. Keep approved animal proportions; do not replace earned pets.",P1,inventoried; not implemented
pet.cat,pet,cat,LettersArt.js:pet/SPECIES + LettersAnimalArt.js,"all supported stages, hues, expressions, accessories","Preserve species identity; individually refine silhouette, face readability, limb contact and shading. Keep approved animal proportions; do not replace earned pets.",P1,inventoried; not implemented
pet.dragon,pet,dragon,LettersArt.js:pet/SPECIES + LettersAnimalArt.js,"all supported stages, hues, expressions, accessories","Preserve species identity; individually refine silhouette, face readability, limb contact and shading. Keep approved animal proportions; do not replace earned pets.",P1,inventoried; not implemented
face.neutral,face,neutral,LettersArt.js:FACE_STATES + LettersAnimalArt.js mood mapping,normal / reduced motion / rapid replay,"Inspect pupils, lids, brows and mouth together in every pet renderer; animate inner art without moving its layout anchor.",P1,inventoried; not implemented
face.curious,face,curious,LettersArt.js:FACE_STATES + LettersAnimalArt.js mood mapping,normal / reduced motion / rapid replay,"Inspect pupils, lids, brows and mouth together in every pet renderer; animate inner art without moving its layout anchor.",P1,inventoried; not implemented
face.delighted,face,delighted,LettersArt.js:FACE_STATES + LettersAnimalArt.js mood mapping,normal / reduced motion / rapid replay,"Inspect pupils, lids, brows and mouth together in every pet renderer; animate inner art without moving its layout anchor.",P1,inventoried; not implemented
face.sleepy,face,sleepy,LettersArt.js:FACE_STATES + LettersAnimalArt.js mood mapping,normal / reduced motion / rapid replay,"Inspect pupils, lids, brows and mouth together in every pet renderer; animate inner art without moving its layout anchor.",P1,inventoried; not implemented
face.proud,face,proud,LettersArt.js:FACE_STATES + LettersAnimalArt.js mood mapping,normal / reduced motion / rapid replay,"Inspect pupils, lids, brows and mouth together in every pet renderer; animate inner art without moving its layout anchor.",P1,inventoried; not implemented
face.thinking,face,thinking,LettersArt.js:FACE_STATES + LettersAnimalArt.js mood mapping,normal / reduced motion / rapid replay,"Inspect pupils, lids, brows and mouth together in every pet renderer; animate inner art without moving its layout anchor.",P1,inventoried; not implemented
face.listening,face,listening,LettersArt.js:FACE_STATES + LettersAnimalArt.js mood mapping,normal / reduced motion / rapid replay,"Inspect pupils, lids, brows and mouth together in every pet renderer; animate inner art without moving its layout anchor.",P1,inventoried; not implemented
icon.speaker,icon,speaker,LettersArt.js:ICONS,default / pressed / focus / disabled / selected / muted where applicable,Optically center this icon on the shared grid; unify stroke/solid weight and silhouette; preserve recognizable meaning.,P1,inventoried; not implemented
icon.play,icon,play,LettersArt.js:ICONS,default / pressed / focus / disabled / selected / muted where applicable,Optically center this icon on the shared grid; unify stroke/solid weight and silhouette; preserve recognizable meaning.,P1,inventoried; not implemented
icon.next,icon,next,LettersArt.js:ICONS,default / pressed / focus / disabled / selected / muted where applicable,Optically center this icon on the shared grid; unify stroke/solid weight and silhouette; preserve recognizable meaning.,P1,inventoried; not implemented
icon.replay,icon,replay,LettersArt.js:ICONS,default / pressed / focus / disabled / selected / muted where applicable,Optically center this icon on the shared grid; unify stroke/solid weight and silhouette; preserve recognizable meaning.,P1,inventoried; not implemented
icon.home,icon,home,LettersArt.js:ICONS,default / pressed / focus / disabled / selected / muted where applicable,Optically center this icon on the shared grid; unify stroke/solid weight and silhouette; preserve recognizable meaning.,P1,inventoried; not implemented
icon.star,icon,star,LettersArt.js:ICONS,default / pressed / focus / disabled / selected / muted where applicable,Optically center this icon on the shared grid; unify stroke/solid weight and silhouette; preserve recognizable meaning.,P1,inventoried; not implemented
icon.lock,icon,lock,LettersArt.js:ICONS,default / pressed / focus / disabled / selected / muted where applicable,Optically center this icon on the shared grid; unify stroke/solid weight and silhouette; preserve recognizable meaning.,P1,inventoried; not implemented
icon.check,icon,check,LettersArt.js:ICONS,default / pressed / focus / disabled / selected / muted where applicable,Optically center this icon on the shared grid; unify stroke/solid weight and silhouette; preserve recognizable meaning.,P1,inventoried; not implemented
icon.arrow,icon,arrow,LettersArt.js:ICONS,default / pressed / focus / disabled / selected / muted where applicable,Optically center this icon on the shared grid; unify stroke/solid weight and silhouette; preserve recognizable meaning.,P1,inventoried; not implemented
icon.sun,icon,sun,LettersArt.js:ICONS,default / pressed / focus / disabled / selected / muted where applicable,Optically center this icon on the shared grid; unify stroke/solid weight and silhouette; preserve recognizable meaning.,P1,inventoried; not implemented
icon.flower,icon,flower,LettersArt.js:ICONS,default / pressed / focus / disabled / selected / muted where applicable,Optically center this icon on the shared grid; unify stroke/solid weight and silhouette; preserve recognizable meaning.,P1,inventoried; not implemented
icon.calendar,icon,calendar,LettersArt.js:ICONS,default / pressed / focus / disabled / selected / muted where applicable,Optically center this icon on the shared grid; unify stroke/solid weight and silhouette; preserve recognizable meaning.,P1,inventoried; not implemented
icon.paw,icon,paw,LettersArt.js:ICONS,default / pressed / focus / disabled / selected / muted where applicable,Optically center this icon on the shared grid; unify stroke/solid weight and silhouette; preserve recognizable meaning.,P1,inventoried; not implemented
icon.book,icon,book,LettersArt.js:ICONS,default / pressed / focus / disabled / selected / muted where applicable,Optically center this icon on the shared grid; unify stroke/solid weight and silhouette; preserve recognizable meaning.,P1,inventoried; not implemented
biome-prop.meadow,biome-prop,meadow,LettersGame.js:biomeDeco,map scale / phone / day and night,"Individually redraw as a recognizable miniature habitat: petaled meadow flowers, layered fruit canopy, reeds and water, crescent/fireflies, layered peaks, river stones/ripples.",P0,calibration implemented; awaiting owner visual review
biome-prop.orchard,biome-prop,orchard,LettersGame.js:biomeDeco,map scale / phone / day and night,"Individually redraw as a recognizable miniature habitat: petaled meadow flowers, layered fruit canopy, reeds and water, crescent/fireflies, layered peaks, river stones/ripples.",P1,inventoried; not implemented
biome-prop.lagoon,biome-prop,lagoon,LettersGame.js:biomeDeco,map scale / phone / day and night,"Individually redraw as a recognizable miniature habitat: petaled meadow flowers, layered fruit canopy, reeds and water, crescent/fireflies, layered peaks, river stones/ripples.",P1,inventoried; not implemented
biome-prop.night,biome-prop,night,LettersGame.js:biomeDeco,map scale / phone / day and night,"Individually redraw as a recognizable miniature habitat: petaled meadow flowers, layered fruit canopy, reeds and water, crescent/fireflies, layered peaks, river stones/ripples.",P1,inventoried; not implemented
biome-prop.peaks,biome-prop,peaks,LettersGame.js:biomeDeco,map scale / phone / day and night,"Individually redraw as a recognizable miniature habitat: petaled meadow flowers, layered fruit canopy, reeds and water, crescent/fireflies, layered peaks, river stones/ripples.",P1,inventoried; not implemented
biome-prop.river,biome-prop,river,LettersGame.js:biomeDeco,map scale / phone / day and night,"Individually redraw as a recognizable miniature habitat: petaled meadow flowers, layered fruit canopy, reeds and water, crescent/fireflies, layered peaks, river stones/ripples.",P1,inventoried; not implemented
world.sky,world,sky,LettersArt.js:backdrop; LettersGardenArt.js:backdrop,normal / compact phone / desktop / relevant progress states / reduced motion,Preserve sky and time-of-day transitions; balance saturation without flattening the world.,P1,inventoried; not implemented
world.sun,world,sun,LettersArt.js:backdrop; LettersGardenArt.js:backdrop,normal / compact phone / desktop / relevant progress states / reduced motion,"Refine disc, soft light and partial viewport cropping.",P1,inventoried; not implemented
world.moon,world,moon,LettersArt.js:backdrop; LettersGardenArt.js:backdrop,normal / compact phone / desktop / relevant progress states / reduced motion,Refine crescent/disc and restrained crater detail.,P1,inventoried; not implemented
world.night-stars,world,night-stars,LettersArt.js:backdrop; LettersGardenArt.js:backdrop,normal / compact phone / desktop / relevant progress states / reduced motion,"Use varied but quiet star shapes, avoid reward-star confusion.",P1,inventoried; not implemented
world.clouds,world,clouds,LettersArt.js:backdrop; LettersGardenArt.js:backdrop,normal / compact phone / desktop / relevant progress states / reduced motion,Round cloud masses with consistent shaded underside; maintain open focus area.,P1,inventoried; not implemented
world.far-hills,world,far-hills,LettersArt.js:backdrop; LettersGardenArt.js:backdrop,normal / compact phone / desktop / relevant progress states / reduced motion,Preserve silhouettes and depth; coordinate distant values.,P1,inventoried; not implemented
world.middle-hills,world,middle-hills,LettersArt.js:backdrop; LettersGardenArt.js:backdrop,normal / compact phone / desktop / relevant progress states / reduced motion,Preserve rolling shapes and separate values from foreground.,P1,inventoried; not implemented
world.near-hills,world,near-hills,LettersArt.js:backdrop; LettersGardenArt.js:backdrop,normal / compact phone / desktop / relevant progress states / reduced motion,"Refine ground edge, terrain contact and uncluttered texture.",P1,inventoried; not implemented
world.trees,world,trees,LettersArt.js:backdrop; LettersGardenArt.js:backdrop,normal / compact phone / desktop / relevant progress states / reduced motion,"Create coherent trunks, foliage masses and contact shadows.",P1,inventoried; not implemented
world.ground-flowers,world,ground-flowers,LettersArt.js:backdrop; LettersGardenArt.js:backdrop,normal / compact phone / desktop / relevant progress states / reduced motion,Petaled blooms and leaves rather than circles on sticks; fewer larger readable clusters.,P1,inventoried; not implemented
world.ground-leaves,world,ground-leaves,LettersArt.js:backdrop; LettersGardenArt.js:backdrop,normal / compact phone / desktop / relevant progress states / reduced motion,Give coherent organic shapes and keep them out of answer areas.,P1,inventoried; not implemented
world.river,world,river,LettersArt.js:backdrop; LettersGardenArt.js:backdrop,normal / compact phone / desktop / relevant progress states / reduced motion,"Preserve flowing water, bank and restrained highlights.",P1,inventoried; not implemented
world.riverbank,world,riverbank,LettersArt.js:backdrop; LettersGardenArt.js:backdrop,normal / compact phone / desktop / relevant progress states / reduced motion,Refine curved sand/grass boundary and prop contact.,P1,inventoried; not implemented
world.reeds,world,reeds,LettersArt.js:backdrop; LettersGardenArt.js:backdrop,normal / compact phone / desktop / relevant progress states / reduced motion,"Improve leaf taper, seed heads and grouping.",P1,inventoried; not implemented
world.boat,world,boat,LettersArt.js:backdrop; LettersGardenArt.js:backdrop,normal / compact phone / desktop / relevant progress states / reduced motion,Preserve paper-boat identity; refine folds and seat on water/shore.,P1,calibration implemented; awaiting owner visual review
world.boat-growth-flowers,world,boat-growth-flowers,LettersArt.js:backdrop; LettersGardenArt.js:backdrop,normal / compact phone / desktop / relevant progress states / reduced motion,Refine three existing earned blooms; no invented progress.,P1,calibration implemented; awaiting owner visual review
world.pond-surface,world,pond-surface,LettersArt.js:backdrop; LettersGardenArt.js:backdrop,normal / compact phone / desktop / relevant progress states / reduced motion,"Restore activity-level pond identity across chapters; curved bank, aqua depth and sparse ripples.",P0,calibration implemented; awaiting owner visual review
world.pond-bank,world,pond-bank,LettersArt.js:backdrop; LettersGardenArt.js:backdrop,normal / compact phone / desktop / relevant progress states / reduced motion,Shape a real shoreline frame; reserve the whole interaction area from scenery.,P0,calibration implemented; awaiting owner visual review
map.trail,map,trail,LettersGame.js:renderHome/masteryPlant; LettersArt.js:mapStop/bloomCluster,normal / compact phone / desktop / relevant progress states / reduced motion,Refine winding path and dot spacing without moving curriculum order.,P1,inventoried; not implemented
map.biome-bands,map,biome-bands,LettersGame.js:renderHome/masteryPlant; LettersArt.js:mapStop/bloomCluster,normal / compact phone / desktop / relevant progress states / reduced motion,Blend habitat transitions into scenery; preserve regional identity.,P1,inventoried; not implemented
map.level-coin,map,level-coin,LettersGame.js:renderHome/masteryPlant; LettersArt.js:mapStop/bloomCluster,normal / compact phone / desktop / relevant progress states / reduced motion,"Refine rim, face, contact shadow; protect Arabic ink bounds.",P1,inventoried; not implemented
map.locked-seed,map,locked-seed,LettersGame.js:renderHome/masteryPlant; LettersArt.js:mapStop/bloomCluster,normal / compact phone / desktop / relevant progress states / reduced motion,"Keep gentle unopened-seed cue, visually subordinate but legible.",P1,inventoried; not implemented
map.current-ring,map,current-ring,LettersGame.js:renderHome/masteryPlant; LettersArt.js:mapStop/bloomCluster,normal / compact phone / desktop / relevant progress states / reduced motion,One clear current-level cue with no covering of glyph or reward.,P1,inventoried; not implemented
map.star-plaque,map,star-plaque,LettersGame.js:renderHome/masteryPlant; LettersArt.js:mapStop/bloomCluster,normal / compact phone / desktop / relevant progress states / reduced motion,Reserve an exclusive rectangle below the glyph; all three stars readable.,P0,calibration implemented; awaiting owner visual review
map.earned-stars,map,earned-stars,LettersGame.js:renderHome/masteryPlant; LettersArt.js:mapStop/bloomCluster,normal / compact phone / desktop / relevant progress states / reduced motion,Consistent gold shape and contrast; unchanged counts.,P1,inventoried; not implemented
map.empty-stars,map,empty-stars,LettersGame.js:renderHome/masteryPlant; LettersArt.js:mapStop/bloomCluster,normal / compact phone / desktop / relevant progress states / reduced motion,Distinguish from earned stars without faint outlines.,P1,inventoried; not implemented
map.completion-blooms,map,completion-blooms,LettersGame.js:renderHome/masteryPlant; LettersArt.js:mapStop/bloomCluster,normal / compact phone / desktop / relevant progress states / reduced motion,Move to separate side planting bed; never overlap plaque or glyph.,P0,calibration implemented; awaiting owner visual review
map.mastery-seed,map,mastery-seed,LettersGame.js:renderHome/masteryPlant; LettersArt.js:mapStop/bloomCluster,normal / compact phone / desktop / relevant progress states / reduced motion,Clarify soil mound and seed stage outside level target.,P1,inventoried; not implemented
map.mastery-sprout,map,mastery-sprout,LettersGame.js:renderHome/masteryPlant; LettersArt.js:mapStop/bloomCluster,normal / compact phone / desktop / relevant progress states / reduced motion,Clear single-leaf silhouette at small sizes.,P1,inventoried; not implemented
map.mastery-bud,map,mastery-bud,LettersGame.js:renderHome/masteryPlant; LettersArt.js:mapStop/bloomCluster,normal / compact phone / desktop / relevant progress states / reduced motion,Readable closed-bud stage distinct from flower.,P1,inventoried; not implemented
map.mastery-flower,map,mastery-flower,LettersGame.js:renderHome/masteryPlant; LettersArt.js:mapStop/bloomCluster,normal / compact phone / desktop / relevant progress states / reduced motion,Readable mature stage; retain mastery thresholds.,P1,inventoried; not implemented
map.pet-marker,map,pet-marker,LettersGame.js:renderHome/masteryPlant; LettersArt.js:mapStop/bloomCluster,normal / compact phone / desktop / relevant progress states / reduced motion,Reserve position beside current coin; avoid stars and neighboring stops.,P1,inventoried; not implemented
map.first-tap-cue,map,first-tap-cue,LettersGame.js:renderHome/masteryPlant; LettersArt.js:mapStop/bloomCluster,normal / compact phone / desktop / relevant progress states / reduced motion,"Use a small, consistent demonstrative cue; no reading required.",P1,inventoried; not implemented
map.boat-landmark,map,boat-landmark,LettersGame.js:renderHome/masteryPlant; LettersArt.js:mapStop/bloomCluster,normal / compact phone / desktop / relevant progress states / reduced motion,Give landmark a dedicated footprint; no collision with the adjacent level.,P1,inventoried; not implemented
map.toolbar,map,toolbar,LettersGame.js:renderHome/masteryPlant; LettersArt.js:mapStop/bloomCluster,normal / compact phone / desktop / relevant progress states / reduced motion,Group destinations coherently with large touch targets.,P1,inventoried; not implemented
map.practice-entry,map,practice-entry,LettersGame.js:renderHome/masteryPlant; LettersArt.js:mapStop/bloomCluster,normal / compact phone / desktop / relevant progress states / reduced motion,"A recognizable activity/garden pictogram, no written label dependency.",P1,inventoried; not implemented
character.key-mascot,character,key-mascot,LettersArt.js:keyMascot/blobCard/creature/egg,normal / compact phone / desktop / relevant progress states / reduced motion,"Refine key silhouette, face and limbs while retaining identity.",P1,inventoried; not implemented
character.letter-presenter,character,letter-presenter,LettersArt.js:keyMascot/blobCard/creature/egg,normal / compact phone / desktop / relevant progress states / reduced motion,"Refine body/card/grip as one composition; protect ink, pupils and wrists.",P1,inventoried; not implemented
character.legacy-feed-creature,character,legacy-feed-creature,LettersArt.js:keyMascot/blobCard/creature/egg,normal / compact phone / desktop / relevant progress states / reduced motion,Retain supported appearance; improve face and open-mouth readability; coordinate with selected-pet Feed.,P1,inventoried; not implemented
character.egg,character,egg,LettersArt.js:keyMascot/blobCard/creature/egg,normal / compact phone / desktop / relevant progress states / reduced motion,"Refine shell shape, spots and soft shading.",P1,inventoried; not implemented
character.egg-cracks,character,egg-cracks,LettersArt.js:keyMascot/blobCard/creature/egg,normal / compact phone / desktop / relevant progress states / reduced motion,Three clear causal hatch states; cracks readable apart from spots.,P1,inventoried; not implemented
character.egg-nest,character,egg-nest,LettersArt.js:keyMascot/blobCard/creature/egg,normal / compact phone / desktop / relevant progress states / reduced motion,Replace flat oval with a grounded nest family; keep egg interaction obvious.,P1,inventoried; not implemented
interface.home-button,interface,home-button,LettersGame.js; styles/letters.css; styles/letters-art-pass.css,normal / compact phone / desktop / relevant progress states / reduced motion,Dedicated filled control style independent of map-screen class.,P0,inventoried; not implemented
interface.sound-button,interface,sound-button,LettersGame.js; styles/letters.css; styles/letters-art-pass.css,normal / compact phone / desktop / relevant progress states / reduced motion,Readable enabled/muted states without transparency loss.,P1,inventoried; not implemented
interface.grownup-gate,interface,grownup-gate,LettersGame.js; styles/letters.css; styles/letters-art-pass.css,normal / compact phone / desktop / relevant progress states / reduced motion,Keep hold behavior and discreet separate adult entry.,P1,inventoried; not implemented
interface.primary-button,interface,primary-button,LettersGame.js; styles/letters.css; styles/letters-art-pass.css,normal / compact phone / desktop / relevant progress states / reduced motion,Consistent raised surface and pressed travel; not every prop becomes a button.,P1,inventoried; not implemented
interface.replay-button,interface,replay-button,LettersGame.js; styles/letters.css; styles/letters-art-pass.css,normal / compact phone / desktop / relevant progress states / reduced motion,Recognizable replay action and accessible name.,P1,inventoried; not implemented
interface.focus-ring,interface,focus-ring,LettersGame.js; styles/letters.css; styles/letters-art-pass.css,normal / compact phone / desktop / relevant progress states / reduced motion,Visible keyboard focus outside art safe zones.,P1,inventoried; not implemented
interface.speech-bubble,interface,speech-bubble,LettersGame.js; styles/letters.css; styles/letters-art-pass.css,normal / compact phone / desktop / relevant progress states / reduced motion,"Fit single letters, harakat and words; speaker icon does not consume glyph room.",P1,inventoried; not implemented
interface.lesson-dots,interface,lesson-dots,LettersGame.js; styles/letters.css; styles/letters-art-pass.css,normal / compact phone / desktop / relevant progress states / reduced motion,Clear current/done/pending sequence; no clipping.,P1,inventoried; not implemented
interface.answer-tile,interface,answer-tile,LettersGame.js; styles/letters.css; styles/letters-art-pass.css,normal / compact phone / desktop / relevant progress states / reduced motion,"Reusable ink-safe lettering insert, with game-specific physical presentation.",P1,inventoried; not implemented
interface.wallet-chip,interface,wallet-chip,LettersGame.js; styles/letters.css; styles/letters-art-pass.css,normal / compact phone / desktop / relevant progress states / reduced motion,Clear star/count; ambient effects must not cover it.,P1,inventoried; not implemented
interface.practice-tool-tray,interface,practice-tool-tray,LettersGame.js; styles/letters.css; styles/letters-art-pass.css,normal / compact phone / desktop / relevant progress states / reduced motion,Distinct seed/undo/guide/check pictures instead of platform-dependent text glyphs.,P1,inventoried; not implemented
interface.adult-panels,interface,adult-panels,LettersGame.js; styles/letters.css; styles/letters-art-pass.css,normal / compact phone / desktop / relevant progress states / reduced motion,Readable prose/data layout and contrast; retain adult controls.,P1,inventoried; not implemented
lesson.wake-bud,lesson,wake-bud,LettersGame.js:renderMeet,normal / compact phone / desktop / relevant progress states / reduced motion,Refine bud/reveal art and first-tap affordance.,P1,inventoried; not implemented
lesson.assembly-parts,lesson,assembly-parts,LettersGame.js:renderMeet,normal / compact phone / desktop / relevant progress states / reduced motion,Make joining action spatially clear; preserve Arabic parts and joining rules.,P1,inventoried; not implemented
lesson.letter-card,lesson,letter-card,LettersGame.js:renderMeet,normal / compact phone / desktop / relevant progress states / reduced motion,Use real font ink fitting across full alphabet and diacritics.,P1,inventoried; not implemented
lesson.reveal-feedback,lesson,reveal-feedback,LettersGame.js:renderMeet,normal / compact phone / desktop / relevant progress states / reduced motion,"Short, interruptible reveal that ends with letter visible.",P1,inventoried; not implemented
lesson.listen-cue,lesson,listen-cue,LettersGame.js:renderMeet,normal / compact phone / desktop / relevant progress states / reduced motion,Demonstrate replay visually without covering letter.,P1,inventoried; not implemented
practice-menu.feed-picture,practice-menu,feed-picture,LettersGardenArt.js:practicePicture,normal / compact phone / desktop / relevant progress states / reduced motion,Illustrate selected friend receiving a letter packet; match real Feed assets.,P1,inventoried; not implemented
practice-menu.dots-picture,practice-menu,dots-picture,LettersGardenArt.js:practicePicture,normal / compact phone / desktop / relevant progress states / reduced motion,Match actual dot placement bed and seed tool.,P1,inventoried; not implemented
practice-menu.paths-picture,practice-menu,paths-picture,LettersGardenArt.js:practicePicture,normal / compact phone / desktop / relevant progress states / reduced motion,Match actual tracing medium and stylus; keep letters font-rendered.,P1,inventoried; not implemented
reward-room.result-scene,reward-room,result-scene,LettersGame.js:renderStars/renderParty/renderPet/renderAlbum/renderStamps,normal / compact phone / desktop / relevant progress states / reduced motion,Use earned habitat/landmark and a friendly acknowledgment; no blank generic panel.,P1,inventoried; not implemented
reward-room.result-star-tray,reward-room,result-star-tray,LettersGame.js:renderStars/renderParty/renderPet/renderAlbum/renderStamps,normal / compact phone / desktop / relevant progress states / reduced motion,Keep all stars full-size and unobstructed in motion and static modes.,P1,inventoried; not implemented
reward-room.celebration-pair,reward-room,celebration-pair,LettersGame.js:renderStars/renderParty/renderPet/renderAlbum/renderStamps,normal / compact phone / desktop / relevant progress states / reduced motion,"Coordinate character ground lines, poses and gaze; preserve visible pupils.",P1,inventoried; not implemented
reward-room.skill-flower,reward-room,skill-flower,LettersGame.js:renderStars/renderParty/renderPet/renderAlbum/renderStamps,normal / compact phone / desktop / relevant progress states / reduced motion,Refine five petals/icons and all score stages without changing skill meaning.,P1,inventoried; not implemented
reward-room.word-capstone,reward-room,word-capstone,LettersGame.js:renderStars/renderParty/renderPet/renderAlbum/renderStamps,normal / compact phone / desktop / relevant progress states / reduced motion,Wordless child-facing reading celebration; adult explanation remains accessible.,P1,inventoried; not implemented
reward-room.wardrobe-platform,reward-room,wardrobe-platform,LettersGame.js:renderStars/renderParty/renderPet/renderAlbum/renderStamps,normal / compact phone / desktop / relevant progress states / reduced motion,Ground pet at large readable scale without shrinking it to fit an overcrowded shelf.,P1,inventoried; not implemented
reward-room.color-swatches,reward-room,color-swatches,LettersGame.js:renderStars/renderParty/renderPet/renderAlbum/renderStamps,normal / compact phone / desktop / relevant progress states / reduced motion,"Wordless colors, large targets and clear selection.",P1,inventoried; not implemented
reward-room.body-shelf,reward-room,body-shelf,LettersGame.js:renderStars/renderParty/renderPet/renderAlbum/renderStamps,normal / compact phone / desktop / relevant progress states / reduced motion,Fit each species in its own cell and preserve ownership.,P1,inventoried; not implemented
reward-room.accessory-shelf,reward-room,accessory-shelf,LettersGame.js:renderStars/renderParty/renderPet/renderAlbum/renderStamps,normal / compact phone / desktop / relevant progress states / reduced motion,Legible items/previews and equipped/price states; no cropped eyes.,P1,inventoried; not implemented
reward-room.sticker-diecut,reward-room,sticker-diecut,LettersGame.js:renderStars/renderParty/renderPet/renderAlbum/renderStamps,normal / compact phone / desktop / relevant progress states / reduced motion,"Consistent border, silhouette-centered motif and quiet lift.",P1,inventoried; not implemented
reward-room.sticker-pack,reward-room,sticker-pack,LettersGame.js:renderStars/renderParty/renderPet/renderAlbum/renderStamps,normal / compact phone / desktop / relevant progress states / reduced motion,"Refine opening, foil/paper folds and reward reveal.",P1,inventoried; not implemented
reward-room.album-slots,reward-room,album-slots,LettersGame.js:renderStars/renderParty/renderPet/renderAlbum/renderStamps,normal / compact phone / desktop / relevant progress states / reduced motion,Missing/owned/new states and responsive centering.,P1,inventoried; not implemented
reward-room.stamp-calendar,reward-room,stamp-calendar,LettersGame.js:renderStars/renderParty/renderPet/renderAlbum/renderStamps,normal / compact phone / desktop / relevant progress states / reduced motion,Readable current/stamped/future days across month lengths.,P1,inventoried; not implemented
reward-room.pet-affection-bubble,reward-room,pet-affection-bubble,LettersGame.js:renderStars/renderParty/renderPet/renderAlbum/renderStamps,normal / compact phone / desktop / relevant progress states / reduced motion,Refine brief response symbols; never cover controls.,P1,inventoried; not implemented
effect.ambient-butterfly,effect,ambient-butterfly,LettersGame.js; LettersArt.js:confetti; styles/letters.css,normal / compact phone / desktop / relevant progress states / reduced motion,Refine wings/body and depth; avoid flying over interactive UI.,P1,inventoried; not implemented
effect.ambient-firefly,effect,ambient-firefly,LettersGame.js; LettersArt.js:confetti; styles/letters.css,normal / compact phone / desktop / relevant progress states / reduced motion,Restrained glow and drift confined to scenery.,P1,inventoried; not implemented
effect.pointer-sparkles,effect,pointer-sparkles,LettersGame.js; LettersArt.js:confetti; styles/letters.css,normal / compact phone / desktop / relevant progress states / reduced motion,Keep below learning feedback; disable with reduced motion.,P1,inventoried; not implemented
effect.confetti,effect,confetti,LettersGame.js; LettersArt.js:confetti; styles/letters.css,normal / compact phone / desktop / relevant progress states / reduced motion,"Consistent shape family, brief duration, never obscure next action.",P1,inventoried; not implemented
effect.success-pop,effect,success-pop,LettersGame.js; LettersArt.js:confetti; styles/letters.css,normal / compact phone / desktop / relevant progress states / reduced motion,"Use task-specific feedback: ripple, seed bloom or gentle squash.",P1,inventoried; not implemented
effect.retry-feedback,effect,retry-feedback,LettersGame.js; LettersArt.js:confetti; styles/letters.css,normal / compact phone / desktop / relevant progress states / reduced motion,Gentle nudge toward prompt; no punishing character face.,P1,inventoried; not implemented
effect.hint-highlight,effect,hint-highlight,LettersGame.js; LettersArt.js:confetti; styles/letters.css,normal / compact phone / desktop / relevant progress states / reduced motion,Clarify target without adding confusing letter-like dots.,P1,inventoried; not implemented
effect.character-idle,effect,character-idle,LettersGame.js; LettersArt.js:confetti; styles/letters.css,normal / compact phone / desktop / relevant progress states / reduced motion,Small breathing motion; independent of rig placement.,P1,inventoried; not implemented
effect.character-celebrate,effect,character-celebrate,LettersGame.js; LettersArt.js:confetti; styles/letters.css,normal / compact phone / desktop / relevant progress states / reduced motion,Visible eyes; no accessory collision at pose extremes.,P1,inventoried; not implemented
effect.bloom-growth,effect,bloom-growth,LettersGame.js; LettersArt.js:confetti; styles/letters.css,normal / compact phone / desktop / relevant progress states / reduced motion,Separate positioned wrapper from animated petals to preserve placement.,P1,calibration implemented; awaiting owner visual review
effect.screen-transition,effect,screen-transition,LettersGame.js; LettersArt.js:confetti; styles/letters.css,normal / compact phone / desktop / relevant progress states / reduced motion,"Stable final layout, no cropped entrance or blocking input.",P1,inventoried; not implemented
effect.contact-shadows,effect,contact-shadows,LettersGame.js; LettersArt.js:confetti; styles/letters.css,normal / compact phone / desktop / relevant progress states / reduced motion,Shared ground direction and softness appropriate to each material.,P1,inventoried; not implemented
game-pop.water-field,game-pop,water-field,MiniGames.js,entry / idle / action / retry / success / replay / resize / reduced motion,"Refine as part of the pop scene contract; preserve scoring and glyph semantics. See per-game plan for medium, feedback and acceptance.",P1,calibration implemented; awaiting owner visual review
game-pop.floating-targets,game-pop,floating-targets,MiniGames.js,entry / idle / action / retry / success / replay / resize / reduced motion,"Refine as part of the pop scene contract; preserve scoring and glyph semantics. See per-game plan for medium, feedback and acceptance.",P1,inventoried; not implemented
game-pop.target-ripple,game-pop,target-ripple,MiniGames.js,entry / idle / action / retry / success / replay / resize / reduced motion,"Refine as part of the pop scene contract; preserve scoring and glyph semantics. See per-game plan for medium, feedback and acceptance.",P1,inventoried; not implemented
game-pop.retry-cue,game-pop,retry-cue,MiniGames.js,entry / idle / action / retry / success / replay / resize / reduced motion,"Refine as part of the pop scene contract; preserve scoring and glyph semantics. See per-game plan for medium, feedback and acceptance.",P1,inventoried; not implemented
game-catch.falling-targets,game-catch,falling-targets,MiniGames.js,entry / idle / action / retry / success / replay / resize / reduced motion,"Refine as part of the catch scene contract; preserve scoring and glyph semantics. See per-game plan for medium, feedback and acceptance.",P1,Five-activity calibration implemented; owner review pending; full curriculum and device matrix outstanding
game-catch.catch-basket,game-catch,catch-basket,MiniGames.js,entry / idle / action / retry / success / replay / resize / reduced motion,"Refine as part of the catch scene contract; preserve scoring and glyph semantics. See per-game plan for medium, feedback and acceptance.",P1,Five-activity calibration implemented; owner review pending; full curriculum and device matrix outstanding
game-catch.landing-cue,game-catch,landing-cue,MiniGames.js,entry / idle / action / retry / success / replay / resize / reduced motion,"Refine as part of the catch scene contract; preserve scoring and glyph semantics. See per-game plan for medium, feedback and acceptance.",P1,Five-activity calibration implemented; owner review pending; full curriculum and device matrix outstanding
game-pairs.matching-cards,game-pairs,matching-cards,MiniGames.js,entry / idle / action / retry / success / replay / resize / reduced motion,"Refine as part of the pairs scene contract; preserve scoring and glyph semantics. See per-game plan for medium, feedback and acceptance.",P1,Combined matching/assembly/blending calibration implemented; owner review pending; full curriculum variants outstanding
game-pairs.selected-card,game-pairs,selected-card,MiniGames.js,entry / idle / action / retry / success / replay / resize / reduced motion,"Refine as part of the pairs scene contract; preserve scoring and glyph semantics. See per-game plan for medium, feedback and acceptance.",P1,Combined matching/assembly/blending calibration implemented; owner review pending; full curriculum variants outstanding
game-pairs.matched-pair,game-pairs,matched-pair,MiniGames.js,entry / idle / action / retry / success / replay / resize / reduced motion,"Refine as part of the pairs scene contract; preserve scoring and glyph semantics. See per-game plan for medium, feedback and acceptance.",P1,Combined matching/assembly/blending calibration implemented; owner review pending; full curriculum variants outstanding
game-feed.friend,game-feed,friend,MiniGames.js,entry / idle / action / retry / success / replay / resize / reduced motion,"Refine as part of the feed scene contract; preserve scoring and glyph semantics. See per-game plan for medium, feedback and acceptance.",P1,Feed picnic calibration implemented; owner review pending; legacy creature art retained
game-feed.food-packets,game-feed,food-packets,MiniGames.js,entry / idle / action / retry / success / replay / resize / reduced motion,"Refine as part of the feed scene contract; preserve scoring and glyph semantics. See per-game plan for medium, feedback and acceptance.",P1,Feed picnic calibration implemented; owner review pending; legacy creature art retained
game-feed.basket-drop-zone,game-feed,basket-drop-zone,MiniGames.js,entry / idle / action / retry / success / replay / resize / reduced motion,"Refine as part of the feed scene contract; preserve scoring and glyph semantics. See per-game plan for medium, feedback and acceptance.",P1,Feed picnic calibration implemented; owner review pending; legacy creature art retained
game-feed.thank-you-pose,game-feed,thank-you-pose,MiniGames.js,entry / idle / action / retry / success / replay / resize / reduced motion,"Refine as part of the feed scene contract; preserve scoring and glyph semantics. See per-game plan for medium, feedback and acceptance.",P1,Feed picnic calibration implemented; owner review pending; legacy creature art retained
game-trace.drawing-bed,game-trace,drawing-bed,MiniGames.js,entry / idle / action / retry / success / replay / resize / reduced motion,"Refine as part of the trace scene contract; preserve scoring and glyph semantics. See per-game plan for medium, feedback and acceptance.",P1,Trace board calibration implemented; owner review pending; later curriculum verification outstanding
game-trace.letter-guide,game-trace,letter-guide,MiniGames.js,entry / idle / action / retry / success / replay / resize / reduced motion,"Refine as part of the trace scene contract; preserve scoring and glyph semantics. See per-game plan for medium, feedback and acceptance.",P1,Trace board calibration implemented; owner review pending; later curriculum verification outstanding
game-trace.ink-trail,game-trace,ink-trail,MiniGames.js,entry / idle / action / retry / success / replay / resize / reduced motion,"Refine as part of the trace scene contract; preserve scoring and glyph semantics. See per-game plan for medium, feedback and acceptance.",P1,Trace board calibration implemented; owner review pending; later curriculum verification outstanding
game-trace.clear-control,game-trace,clear-control,MiniGames.js,entry / idle / action / retry / success / replay / resize / reduced motion,"Refine as part of the trace scene contract; preserve scoring and glyph semantics. See per-game plan for medium, feedback and acceptance.",P1,Trace board calibration implemented; owner review pending; later curriculum verification outstanding
game-trace.completion-glow,game-trace,completion-glow,MiniGames.js,entry / idle / action / retry / success / replay / resize / reduced motion,"Refine as part of the trace scene contract; preserve scoring and glyph semantics. See per-game plan for medium, feedback and acceptance.",P1,Trace board calibration implemented; owner review pending; later curriculum verification outstanding
game-burst.timer-ring,game-burst,timer-ring,MiniGames.js,entry / idle / action / retry / success / replay / resize / reduced motion,"Refine as part of the burst scene contract; preserve scoring and glyph semantics. See per-game plan for medium, feedback and acceptance.",P1,Final activity calibration implemented; owner review pending; full device matrix outstanding
game-burst.round-count,game-burst,round-count,MiniGames.js,entry / idle / action / retry / success / replay / resize / reduced motion,"Refine as part of the burst scene contract; preserve scoring and glyph semantics. See per-game plan for medium, feedback and acceptance.",P1,Final activity calibration implemented; owner review pending; full device matrix outstanding
game-burst.choice-grid,game-burst,choice-grid,MiniGames.js,entry / idle / action / retry / success / replay / resize / reduced motion,"Refine as part of the burst scene contract; preserve scoring and glyph semantics. See per-game plan for medium, feedback and acceptance.",P1,Final activity calibration implemented; owner review pending; full device matrix outstanding
game-build.part-tray,game-build,part-tray,MiniGames.js,entry / idle / action / retry / success / replay / resize / reduced motion,"Refine as part of the build scene contract; preserve scoring and glyph semantics. See per-game plan for medium, feedback and acceptance.",P1,Combined matching/assembly/blending calibration implemented; owner review pending; full curriculum variants outstanding
game-build.ordered-sockets,game-build,ordered-sockets,MiniGames.js,entry / idle / action / retry / success / replay / resize / reduced motion,"Refine as part of the build scene contract; preserve scoring and glyph semantics. See per-game plan for medium, feedback and acceptance.",P1,Combined matching/assembly/blending calibration implemented; owner review pending; full curriculum variants outstanding
game-build.whole-letter-reveal,game-build,whole-letter-reveal,MiniGames.js,entry / idle / action / retry / success / replay / resize / reduced motion,"Refine as part of the build scene contract; preserve scoring and glyph semantics. See per-game plan for medium, feedback and acceptance.",P1,Combined matching/assembly/blending calibration implemented; owner review pending; full curriculum variants outstanding
game-blend.letter-part,game-blend,letter-part,MiniGames.js,entry / idle / action / retry / success / replay / resize / reduced motion,"Refine as part of the blend scene contract; preserve scoring and glyph semantics. See per-game plan for medium, feedback and acceptance.",P1,Combined matching/assembly/blending calibration implemented; owner review pending; full curriculum variants outstanding
game-blend.vowel-mark-part,game-blend,vowel-mark-part,MiniGames.js,entry / idle / action / retry / success / replay / resize / reduced motion,"Refine as part of the blend scene contract; preserve scoring and glyph semantics. See per-game plan for medium, feedback and acceptance.",P1,Combined matching/assembly/blending calibration implemented; owner review pending; full curriculum variants outstanding
game-blend.join-cue,game-blend,join-cue,MiniGames.js,entry / idle / action / retry / success / replay / resize / reduced motion,"Refine as part of the blend scene contract; preserve scoring and glyph semantics. See per-game plan for medium, feedback and acceptance.",P1,Combined matching/assembly/blending calibration implemented; owner review pending; full curriculum variants outstanding
game-blend.fused-result,game-blend,fused-result,MiniGames.js,entry / idle / action / retry / success / replay / resize / reduced motion,"Refine as part of the blend scene contract; preserve scoring and glyph semantics. See per-game plan for medium, feedback and acceptance.",P1,Combined matching/assembly/blending calibration implemented; owner review pending; full curriculum variants outstanding
game-fuse.two-letter-parts,game-fuse,two-letter-parts,MiniGames.js,entry / idle / action / retry / success / replay / resize / reduced motion,"Refine as part of the fuse scene contract; preserve scoring and glyph semantics. See per-game plan for medium, feedback and acceptance.",P1,Five-activity calibration implemented; owner review pending; full curriculum and device matrix outstanding
game-fuse.joining-seam,game-fuse,joining-seam,MiniGames.js,entry / idle / action / retry / success / replay / resize / reduced motion,"Refine as part of the fuse scene contract; preserve scoring and glyph semantics. See per-game plan for medium, feedback and acceptance.",P1,Five-activity calibration implemented; owner review pending; full curriculum and device matrix outstanding
game-fuse.joined-form,game-fuse,joined-form,MiniGames.js,entry / idle / action / retry / success / replay / resize / reduced motion,"Refine as part of the fuse scene contract; preserve scoring and glyph semantics. See per-game plan for medium, feedback and acceptance.",P1,Five-activity calibration implemented; owner review pending; full curriculum and device matrix outstanding
game-unfuse.whole-form,game-unfuse,whole-form,MiniGames.js,entry / idle / action / retry / success / replay / resize / reduced motion,"Refine as part of the unfuse scene contract; preserve scoring and glyph semantics. See per-game plan for medium, feedback and acceptance.",P1,Five-activity calibration implemented; owner review pending; full curriculum and device matrix outstanding
game-unfuse.pull-handles,game-unfuse,pull-handles,MiniGames.js,entry / idle / action / retry / success / replay / resize / reduced motion,"Refine as part of the unfuse scene contract; preserve scoring and glyph semantics. See per-game plan for medium, feedback and acceptance.",P1,Five-activity calibration implemented; owner review pending; full curriculum and device matrix outstanding
game-unfuse.split-seam,game-unfuse,split-seam,MiniGames.js,entry / idle / action / retry / success / replay / resize / reduced motion,"Refine as part of the unfuse scene contract; preserve scoring and glyph semantics. See per-game plan for medium, feedback and acceptance.",P1,Five-activity calibration implemented; owner review pending; full curriculum and device matrix outstanding
game-unfuse.separated-parts,game-unfuse,separated-parts,MiniGames.js,entry / idle / action / retry / success / replay / resize / reduced motion,"Refine as part of the unfuse scene contract; preserve scoring and glyph semantics. See per-game plan for medium, feedback and acceptance.",P1,Five-activity calibration implemented; owner review pending; full curriculum and device matrix outstanding
game-unfuse.follow-up-choices,game-unfuse,follow-up-choices,MiniGames.js,entry / idle / action / retry / success / replay / resize / reduced motion,"Refine as part of the unfuse scene contract; preserve scoring and glyph semantics. See per-game plan for medium, feedback and acceptance.",P1,Five-activity calibration implemented; owner review pending; full curriculum and device matrix outstanding
game-chain.existing-pair,game-chain,existing-pair,MiniGames.js,entry / idle / action / retry / success / replay / resize / reduced motion,"Refine as part of the chain scene contract; preserve scoring and glyph semantics. See per-game plan for medium, feedback and acceptance.",P1,Five-activity calibration implemented; owner review pending; full curriculum and device matrix outstanding
game-chain.third-letter-pieces,game-chain,third-letter-pieces,MiniGames.js,entry / idle / action / retry / success / replay / resize / reduced motion,"Refine as part of the chain scene contract; preserve scoring and glyph semantics. See per-game plan for medium, feedback and acceptance.",P1,Five-activity calibration implemented; owner review pending; full curriculum and device matrix outstanding
game-chain.joining-preview,game-chain,joining-preview,MiniGames.js,entry / idle / action / retry / success / replay / resize / reduced motion,"Refine as part of the chain scene contract; preserve scoring and glyph semantics. See per-game plan for medium, feedback and acceptance.",P1,Five-activity calibration implemented; owner review pending; full curriculum and device matrix outstanding
game-chain.completed-chain,game-chain,completed-chain,MiniGames.js,entry / idle / action / retry / success / replay / resize / reduced motion,"Refine as part of the chain scene contract; preserve scoring and glyph semantics. See per-game plan for medium, feedback and acceptance.",P1,Five-activity calibration implemented; owner review pending; full curriculum and device matrix outstanding
game-parade.isolated-reference,game-parade,isolated-reference,MiniGames.js,entry / idle / action / retry / success / replay / resize / reduced motion,"Refine as part of the parade scene contract; preserve scoring and glyph semantics. See per-game plan for medium, feedback and acceptance.",P1,Five-activity calibration implemented; owner review pending; full curriculum and device matrix outstanding
game-parade.three-form-slots,game-parade,three-form-slots,MiniGames.js,entry / idle / action / retry / success / replay / resize / reduced motion,"Refine as part of the parade scene contract; preserve scoring and glyph semantics. See per-game plan for medium, feedback and acceptance.",P1,Five-activity calibration implemented; owner review pending; full curriculum and device matrix outstanding
game-parade.form-reveal,game-parade,form-reveal,MiniGames.js,entry / idle / action / retry / success / replay / resize / reduced motion,"Refine as part of the parade scene contract; preserve scoring and glyph semantics. See per-game plan for medium, feedback and acceptance.",P1,Five-activity calibration implemented; owner review pending; full curriculum and device matrix outstanding
game-DotGarden.letter-skeleton,game-DotGarden,letter-skeleton,GardenPractice.js,entry / idle / action / retry / success / replay / resize / reduced motion,"Refine as part of the DotGarden scene contract; preserve scoring and glyph semantics. See per-game plan for medium, feedback and acceptance.",P1,Final activity calibration implemented; owner review pending; full device matrix outstanding
game-DotGarden.above/below-dot-beds,game-DotGarden,above/below-dot-beds,GardenPractice.js,entry / idle / action / retry / success / replay / resize / reduced motion,"Refine as part of the DotGarden scene contract; preserve scoring and glyph semantics. See per-game plan for medium, feedback and acceptance.",P1,Final activity calibration implemented; owner review pending; full device matrix outstanding
game-DotGarden.seed-dots,game-DotGarden,seed-dots,GardenPractice.js,entry / idle / action / retry / success / replay / resize / reduced motion,"Refine as part of the DotGarden scene contract; preserve scoring and glyph semantics. See per-game plan for medium, feedback and acceptance.",P1,Final activity calibration implemented; owner review pending; full device matrix outstanding
game-DotGarden.undo/check-tools,game-DotGarden,undo/check-tools,GardenPractice.js,entry / idle / action / retry / success / replay / resize / reduced motion,"Refine as part of the DotGarden scene contract; preserve scoring and glyph semantics. See per-game plan for medium, feedback and acceptance.",P1,Final activity calibration implemented; owner review pending; full device matrix outstanding
game-DotGarden.recall-choices,game-DotGarden,recall-choices,GardenPractice.js,entry / idle / action / retry / success / replay / resize / reduced motion,"Refine as part of the DotGarden scene contract; preserve scoring and glyph semantics. See per-game plan for medium, feedback and acceptance.",P1,Final activity calibration implemented; owner review pending; full device matrix outstanding
game-GardenPaths.reference,game-GardenPaths,reference,GardenPractice.js,entry / idle / action / retry / success / replay / resize / reduced motion,"Refine as part of the GardenPaths scene contract; preserve scoring and glyph semantics. See per-game plan for medium, feedback and acceptance.",P1,Final activity calibration implemented; owner review pending; full device matrix outstanding
game-GardenPaths.tracing-sheet,game-GardenPaths,tracing-sheet,GardenPractice.js,entry / idle / action / retry / success / replay / resize / reduced motion,"Refine as part of the GardenPaths scene contract; preserve scoring and glyph semantics. See per-game plan for medium, feedback and acceptance.",P1,Final activity calibration implemented; owner review pending; full device matrix outstanding
game-GardenPaths.guide,game-GardenPaths,guide,GardenPractice.js,entry / idle / action / retry / success / replay / resize / reduced motion,"Refine as part of the GardenPaths scene contract; preserve scoring and glyph semantics. See per-game plan for medium, feedback and acceptance.",P1,Final activity calibration implemented; owner review pending; full device matrix outstanding
game-GardenPaths.free-copy-ink,game-GardenPaths,free-copy-ink,GardenPractice.js,entry / idle / action / retry / success / replay / resize / reduced motion,"Refine as part of the GardenPaths scene contract; preserve scoring and glyph semantics. See per-game plan for medium, feedback and acceptance.",P1,Final activity calibration implemented; owner review pending; full device matrix outstanding
game-GardenPaths.guide/clear/finish-tools,game-GardenPaths,guide/clear/finish-tools,GardenPractice.js,entry / idle / action / retry / success / replay / resize / reduced motion,"Refine as part of the GardenPaths scene contract; preserve scoring and glyph semantics. See per-game plan for medium, feedback and acceptance.",P1,Final activity calibration implemented; owner review pending; full device matrix outstanding
